{"v":"4.8.0","meta":{"g":"LottieFiles AE 3.0.2","a":"","k":"","d":"","tc":""},"fr":30,"ip":0,"op":49,"w":400,"h":400,"nm":"Comp 1","ddd":0,"assets":[],"layers":[{"ddd":0,"ind":1,"ty":4,"nm":"1 - 1","sr":1,"ks":{"o":{"a":0,"k":100,"ix":11},"r":{"a":0,"k":0,"ix":10},"p":{"a":0,"k":[200,200,0],"ix":2},"a":{"a":0,"k":[0,0,0],"ix":1},"s":{"a":1,"k":[{"i":{"x":[0.667,0.667,0.667],"y":[1,1,1]},"o":{"x":[0.333,0.333,0.333],"y":[0,0,0]},"t":0,"s":[0,0,100]},{"i":{"x":[0.667,0.667,0.667],"y":[1,1,1]},"o":{"x":[0.333,0.333,0.333],"y":[0,0,0]},"t":20,"s":[105,105,100]},{"i":{"x":[0.667,0.667,0.667],"y":[1,1,1]},"o":{"x":[0.333,0.333,0.333],"y":[0,0,0]},"t":23,"s":[101,101,100]},{"i":{"x":[0.667,0.667,0.667],"y":[1,1,1]},"o":{"x":[0.333,0.333,0.333],"y":[0,0,0]},"t":27,"s":[103,103,100]},{"t":30,"s":[100,100,100]}],"ix":6}},"ao":0,"shapes":[{"ty":"gr","it":[{"ind":0,"ty":"sh","ix":1,"ks":{"a":0,"k":{"i":[[0,0],[0,0],[0,0],[0,0]],"o":[[0,0],[0,0],[0,0],[0,0]],"v":[[75.175,-65.923],[-44.005,-65.923],[-44.005,-80.761],[75.175,-80.761]],"c":true},"ix":2},"nm":"Path 1","mn":"ADBE Vector Shape - Group","hd":false},{"ind":1,"ty":"sh","ix":2,"ks":{"a":0,"k":{"i":[[1.358,0],[0,0],[0,-1.358],[0,0],[-1.358,0],[0,0],[0,1.358],[0,0]],"o":[[0,0],[-1.358,0],[0,0],[0,1.358],[0,0],[1.358,0],[0,0],[0,-1.358]],"v":[[77.688,-85.718],[-46.484,-85.718],[-48.963,-83.24],[-48.963,-63.444],[-46.484,-60.965],[77.688,-60.965],[80.167,-63.444],[80.167,-83.24]],"c":true},"ix":2},"nm":"Path 2","mn":"ADBE Vector Shape - Group","hd":false},{"ty":"fl","c":{"a":0,"k":[0.258823543787,0.521568655968,0.956862747669,1],"ix":4},"o":{"a":0,"k":100,"ix":5},"r":1,"bm":0,"nm":"Fill 1","mn":"ADBE Vector Graphic - Fill","hd":false},{"ty":"tr","p":{"a":0,"k":[0,0],"ix":2},"a":{"a":0,"k":[0,0],"ix":1},"s":{"a":0,"k":[100,100],"ix":3},"r":{"a":0,"k":0,"ix":6},"o":{"a":0,"k":100,"ix":7},"sk":{"a":0,"k":0,"ix":4},"sa":{"a":0,"k":0,"ix":5},"nm":"Transform"}],"nm":"Group 1","np":3,"cix":2,"bm":0,"ix":1,"mn":"ADBE Vector Group","hd":false},{"ty":"gr","it":[{"ind":0,"ty":"sh","ix":1,"ks":{"a":0,"k":{"i":[[0,0],[0,0],[0,0],[0,0]],"o":[[0,0],[0,0],[0,0],[0,0]],"v":[[64.785,-83.24],[77.688,-83.24],[77.688,-63.444],[64.785,-63.444]],"c":true},"ix":2},"nm":"Path 1","mn":"ADBE Vector Shape - Group","hd":false},{"ty":"fl","c":{"a":0,"k":[0.984313726425,0.737254917622,0.019607843831,1],"ix":4},"o":{"a":0,"k":100,"ix":5},"r":1,"bm":0,"nm":"Fill 1","mn":"ADBE Vector Graphic - Fill","hd":false},{"ty":"tr","p":{"a":0,"k":[0,0],"ix":2},"a":{"a":0,"k":[0,0],"ix":1},"s":{"a":0,"k":[100,100],"ix":3},"r":{"a":0,"k":0,"ix":6},"o":{"a":0,"k":100,"ix":7},"sk":{"a":0,"k":0,"ix":4},"sa":{"a":0,"k":0,"ix":5},"nm":"Transform"}],"nm":"Group 2","np":2,"cix":2,"bm":0,"ix":2,"mn":"ADBE Vector Group","hd":false},{"ty":"gr","it":[{"ind":0,"ty":"sh","ix":1,"ks":{"a":0,"k":{"i":[[0,0],[0,0],[0,0],[0,0]],"o":[[0,0],[0,0],[0,0],[0,0]],"v":[[-46.484,-83.24],[-33.581,-83.24],[-33.581,-63.444],[-46.484,-63.444]],"c":true},"ix":2},"nm":"Path 1","mn":"ADBE Vector Shape - Group","hd":false},{"ty":"fl","c":{"a":0,"k":[0.984313726425,0.737254917622,0.019607843831,1],"ix":4},"o":{"a":0,"k":100,"ix":5},"r":1,"bm":0,"nm":"Fill 1","mn":"ADBE Vector Graphic - Fill","hd":false},{"ty":"tr","p":{"a":0,"k":[0,0],"ix":2},"a":{"a":0,"k":[0,0],"ix":1},"s":{"a":0,"k":[100,100],"ix":3},"r":{"a":0,"k":0,"ix":6},"o":{"a":0,"k":100,"ix":7},"sk":{"a":0,"k":0,"ix":4},"sa":{"a":0,"k":0,"ix":5},"nm":"Transform"}],"nm":"Group 3","np":2,"cix":2,"bm":0,"ix":3,"mn":"ADBE Vector Group","hd":false},{"ty":"gr","it":[{"ind":0,"ty":"sh","ix":1,"ks":{"a":0,"k":{"i":[[0,0],[0,0],[0,0],[0,0]],"o":[[0,0],[0,0],[0,0],[0,0]],"v":[[-70.082,-38.895],[-41.289,-38.895],[-26.315,-60.965],[-45.092,-60.965]],"c":true},"ix":2},"nm":"Path 1","mn":"ADBE Vector Shape - Group","hd":false},{"ind":1,"ty":"sh","ix":2,"ks":{"a":0,"k":{"i":[[0.815,0],[0,0],[0.374,0.951],[-0.781,0.679],[0,0],[-0.577,0],[0,0],[-0.441,-0.815],[0.509,-0.747],[0,0]],"o":[[0,0],[-1.019,0],[-0.374,-0.985],[0,0],[0.441,-0.407],[0,0],[0.917,0],[0.441,0.815],[0,0],[-0.407,0.679]],"v":[[-39.999,-33.938],[-76.669,-33.938],[-79.012,-35.533],[-78.333,-38.284],[-47.74,-65.312],[-46.11,-65.923],[-21.697,-65.923],[-19.49,-64.599],[-19.626,-62.052],[-37.995,-35.024]],"c":true},"ix":2},"nm":"Path 2","mn":"ADBE Vector Shape - Group","hd":false},{"ty":"fl","c":{"a":0,"k":[0.258823543787,0.521568655968,0.956862747669,1],"ix":4},"o":{"a":0,"k":100,"ix":5},"r":1,"bm":0,"nm":"Fill 1","mn":"ADBE Vector Graphic - Fill","hd":false},{"ty":"tr","p":{"a":0,"k":[0,0],"ix":2},"a":{"a":0,"k":[0,0],"ix":1},"s":{"a":0,"k":[100,100],"ix":3},"r":{"a":0,"k":0,"ix":6},"o":{"a":0,"k":100,"ix":7},"sk":{"a":0,"k":0,"ix":4},"sa":{"a":0,"k":0,"ix":5},"nm":"Transform"}],"nm":"Group 4","np":3,"cix":2,"bm":0,"ix":4,"mn":"ADBE Vector Group","hd":false},{"ty":"gr","it":[{"ind":0,"ty":"sh","ix":1,"ks":{"a":0,"k":{"i":[[0,0],[0,0],[0,0],[0,0]],"o":[[0,0],[0,0],[0,0],[0,0]],"v":[[-35.279,-38.895],[-5.297,-38.895],[-0.306,-60.965],[-20.305,-60.965]],"c":true},"ix":2},"nm":"Path 1","mn":"ADBE Vector Shape - Group","hd":false},{"ind":1,"ty":"sh","ix":2,"ks":{"a":0,"k":{"i":[[1.154,0],[0,0],[0.441,0.815],[-0.509,0.747],[0,0],[-0.849,0],[0,0],[-0.475,-0.611],[0.17,-0.747],[0,0]],"o":[[0,0],[-0.917,0],[-0.441,-0.815],[0,0],[0.475,-0.679],[0,0],[0.747,0],[0.475,0.577],[0,0],[-0.238,1.12]],"v":[[-3.328,-33.938],[-39.999,-33.938],[-42.206,-35.262],[-42.07,-37.808],[-23.7,-64.836],[-21.629,-65.923],[2.784,-65.923],[4.72,-64.972],[5.195,-62.867],[-0.917,-35.839]],"c":true},"ix":2},"nm":"Path 2","mn":"ADBE Vector Shape - Group","hd":false},{"ty":"fl","c":{"a":0,"k":[0.258823543787,0.521568655968,0.956862747669,1],"ix":4},"o":{"a":0,"k":100,"ix":5},"r":1,"bm":0,"nm":"Fill 1","mn":"ADBE Vector Graphic - Fill","hd":false},{"ty":"tr","p":{"a":0,"k":[0,0],"ix":2},"a":{"a":0,"k":[0,0],"ix":1},"s":{"a":0,"k":[100,100],"ix":3},"r":{"a":0,"k":0,"ix":6},"o":{"a":0,"k":100,"ix":7},"sk":{"a":0,"k":0,"ix":4},"sa":{"a":0,"k":0,"ix":5},"nm":"Transform"}],"nm":"Group 5","np":3,"cix":2,"bm":0,"ix":5,"mn":"ADBE Vector Group","hd":false},{"ty":"gr","it":[{"ind":0,"ty":"sh","ix":1,"ks":{"a":0,"k":{"i":[[0,0],[0,0],[0,0],[0,0]],"o":[[0,0],[0,0],[0,0],[0,0]],"v":[[-0.204,-38.895],[30.253,-38.895],[25.262,-60.965],[4.821,-60.965]],"c":true},"ix":2},"nm":"Path 1","mn":"ADBE Vector Shape - Group","hd":false},{"ind":1,"ty":"sh","ix":2,"ks":{"a":0,"k":{"i":[[0.781,0],[0,0],[0.475,0.611],[-0.17,0.747],[0,0],[-1.154,0],[0,0],[-0.238,-1.12],[0,0],[0.475,-0.577]],"o":[[0,0],[-0.747,0],[-0.475,-0.577],[0,0],[0.272,-1.12],[0,0],[1.154,0],[0,0],[0.17,0.747],[-0.407,0.611]],"v":[[33.343,-33.938],[-3.328,-33.938],[-5.263,-34.888],[-5.738,-36.993],[0.373,-64.021],[2.784,-65.957],[27.198,-65.957],[29.608,-64.021],[35.72,-36.993],[35.245,-34.888]],"c":true},"ix":2},"nm":"Path 2","mn":"ADBE Vector Shape - Group","hd":false},{"ty":"fl","c":{"a":0,"k":[0.258823543787,0.521568655968,0.956862747669,1],"ix":4},"o":{"a":0,"k":100,"ix":5},"r":1,"bm":0,"nm":"Fill 1","mn":"ADBE Vector Graphic - Fill","hd":false},{"ty":"tr","p":{"a":0,"k":[0,0],"ix":2},"a":{"a":0,"k":[0,0],"ix":1},"s":{"a":0,"k":[100,100],"ix":3},"r":{"a":0,"k":0,"ix":6},"o":{"a":0,"k":100,"ix":7},"sk":{"a":0,"k":0,"ix":4},"sa":{"a":0,"k":0,"ix":5},"nm":"Transform"}],"nm":"Group 6","np":3,"cix":2,"bm":0,"ix":6,"mn":"ADBE Vector Group","hd":false},{"ty":"gr","it":[{"ind":0,"ty":"sh","ix":1,"ks":{"a":0,"k":{"i":[[0,0],[0,0],[0,0],[0,0]],"o":[[0,0],[0,0],[0,0],[0,0]],"v":[[35.347,-38.895],[65.329,-38.895],[50.355,-60.965],[30.355,-60.965]],"c":true},"ix":2},"nm":"Path 1","mn":"ADBE Vector Shape - Group","hd":false},{"ind":1,"ty":"sh","ix":2,"ks":{"a":0,"k":{"i":[[0.917,0],[0,0],[0.238,1.12],[0,0],[-0.475,0.577],[-0.747,0],[0,0],[-0.475,-0.679],[0,0],[0.441,-0.781]],"o":[[0,0],[-1.154,0],[0,0],[-0.17,-0.747],[0.475,-0.577],[0,0],[0.815,0],[0,0],[0.509,0.781],[-0.441,0.849]],"v":[[70.014,-33.938],[33.343,-33.938],[30.933,-35.873],[24.821,-62.901],[25.296,-65.006],[27.232,-65.957],[51.645,-65.957],[53.716,-64.87],[72.085,-37.842],[72.221,-35.296]],"c":true},"ix":2},"nm":"Path 2","mn":"ADBE Vector Shape - Group","hd":false},{"ty":"fl","c":{"a":0,"k":[0.258823543787,0.521568655968,0.956862747669,1],"ix":4},"o":{"a":0,"k":100,"ix":5},"r":1,"bm":0,"nm":"Fill 1","mn":"ADBE Vector Graphic - Fill","hd":false},{"ty":"tr","p":{"a":0,"k":[0,0],"ix":2},"a":{"a":0,"k":[0,0],"ix":1},"s":{"a":0,"k":[100,100],"ix":3},"r":{"a":0,"k":0,"ix":6},"o":{"a":0,"k":100,"ix":7},"sk":{"a":0,"k":0,"ix":4},"sa":{"a":0,"k":0,"ix":5},"nm":"Transform"}],"nm":"Group 7","np":3,"cix":2,"bm":0,"ix":7,"mn":"ADBE Vector Group","hd":false},{"ty":"gr","it":[{"ind":0,"ty":"sh","ix":1,"ks":{"a":0,"k":{"i":[[0,0],[0,0],[0,0],[0,0]],"o":[[0,0],[0,0],[0,0],[0,0]],"v":[[71.338,-38.895],[100.098,-38.895],[75.141,-60.965],[56.365,-60.965]],"c":true},"ix":2},"nm":"Path 1","mn":"ADBE Vector Shape - Group","hd":false},{"ind":1,"ty":"sh","ix":2,"ks":{"a":0,"k":{"i":[[1.053,0],[0,0],[0.475,0.679],[0,0],[-0.441,0.781],[-0.917,0],[0,0],[-0.441,-0.407],[0,0],[0.374,-0.985]],"o":[[0,0],[-0.815,0],[0,0],[-0.509,-0.781],[0.441,-0.815],[0,0],[0.611,0],[0,0],[0.781,0.679],[-0.306,0.951]],"v":[[106.685,-33.938],[70.014,-33.938],[67.943,-35.024],[49.574,-62.052],[49.438,-64.599],[51.645,-65.923],[76.058,-65.923],[77.688,-65.312],[108.281,-38.284],[108.96,-35.533]],"c":true},"ix":2},"nm":"Path 2","mn":"ADBE Vector Shape - Group","hd":false},{"ind":2,"ty":"sh","ix":3,"ks":{"a":0,"k":{"i":[[0,0],[0,0],[-8.76,0],[0,8.76],[0,0]],"o":[[0,0],[0,8.726],[8.76,0],[0,0],[0,0]],"v":[[-74.191,-33.938],[-74.191,-20.729],[-58.334,-4.872],[-42.477,-20.729],[-42.477,-33.938]],"c":true},"ix":2},"nm":"Path 3","mn":"ADBE Vector Shape - Group","hd":false},{"ind":3,"ty":"sh","ix":4,"ks":{"a":0,"k":{"i":[[11.477,0],[0,11.477],[0,0],[-1.358,0],[0,0],[0,-1.358],[0,0]],"o":[[-11.477,0],[0,0],[0,-1.358],[0,0],[1.358,0],[0,0],[0,11.477]],"v":[[-58.334,0.085],[-79.148,-20.729],[-79.148,-36.416],[-76.669,-38.895],[-39.999,-38.895],[-37.52,-36.416],[-37.52,-20.729]],"c":true},"ix":2},"nm":"Path 4","mn":"ADBE Vector Shape - Group","hd":false},{"ty":"fl","c":{"a":0,"k":[0.258823543787,0.521568655968,0.956862747669,1],"ix":4},"o":{"a":0,"k":100,"ix":5},"r":1,"bm":0,"nm":"Fill 1","mn":"ADBE Vector Graphic - Fill","hd":false},{"ty":"tr","p":{"a":0,"k":[0,0],"ix":2},"a":{"a":0,"k":[0,0],"ix":1},"s":{"a":0,"k":[100,100],"ix":3},"r":{"a":0,"k":0,"ix":6},"o":{"a":0,"k":100,"ix":7},"sk":{"a":0,"k":0,"ix":4},"sa":{"a":0,"k":0,"ix":5},"nm":"Transform"}],"nm":"Group 8","np":5,"cix":2,"bm":0,"ix":8,"mn":"ADBE Vector Group","hd":false},{"ty":"gr","it":[{"ind":0,"ty":"sh","ix":1,"ks":{"a":0,"k":{"i":[[0,0],[0,0],[-8.76,0],[0,8.76],[0,0]],"o":[[0,0],[0,8.726],[8.76,0],[0,0],[0,0]],"v":[[-37.52,-33.938],[-37.52,-20.729],[-21.663,-4.872],[-5.806,-20.729],[-5.806,-33.938]],"c":true},"ix":2},"nm":"Path 1","mn":"ADBE Vector Shape - Group","hd":false},{"ind":1,"ty":"sh","ix":2,"ks":{"a":0,"k":{"i":[[11.477,0],[0,11.477],[0,0],[-1.358,0],[0,0],[0,-1.358],[0,0]],"o":[[-11.477,0],[0,0],[0,-1.358],[0,0],[1.358,0],[0,0],[0.034,11.477]],"v":[[-21.663,0.085],[-42.477,-20.729],[-42.477,-36.416],[-39.999,-38.895],[-3.328,-38.895],[-0.849,-36.416],[-0.849,-20.729]],"c":true},"ix":2},"nm":"Path 2","mn":"ADBE Vector Shape - Group","hd":false},{"ty":"fl","c":{"a":0,"k":[0.258823543787,0.521568655968,0.956862747669,1],"ix":4},"o":{"a":0,"k":100,"ix":5},"r":1,"bm":0,"nm":"Fill 1","mn":"ADBE Vector Graphic - Fill","hd":false},{"ty":"tr","p":{"a":0,"k":[0,0],"ix":2},"a":{"a":0,"k":[0,0],"ix":1},"s":{"a":0,"k":[100,100],"ix":3},"r":{"a":0,"k":0,"ix":6},"o":{"a":0,"k":100,"ix":7},"sk":{"a":0,"k":0,"ix":4},"sa":{"a":0,"k":0,"ix":5},"nm":"Transform"}],"nm":"Group 9","np":3,"cix":2,"bm":0,"ix":9,"mn":"ADBE Vector Group","hd":false},{"ty":"gr","it":[{"ind":0,"ty":"sh","ix":1,"ks":{"a":0,"k":{"i":[[0,0],[0,0],[-8.76,0],[0,8.76],[0,0]],"o":[[0,0],[0,8.726],[8.726,0],[0,0],[0,0]],"v":[[-0.815,-33.938],[-0.815,-20.729],[15.042,-4.872],[30.899,-20.729],[30.899,-33.938]],"c":true},"ix":2},"nm":"Path 1","mn":"ADBE Vector Shape - Group","hd":false},{"ind":1,"ty":"sh","ix":2,"ks":{"a":0,"k":{"i":[[11.477,0],[0,11.477],[0,0],[-1.358,0],[0,0],[0,-1.358],[0,0]],"o":[[-11.477,0],[0,0],[0,-1.358],[0,0],[1.358,0],[0,0],[0.034,11.477]],"v":[[15.008,0.085],[-5.806,-20.729],[-5.806,-36.416],[-3.328,-38.895],[33.343,-38.895],[35.822,-36.416],[35.822,-20.729]],"c":true},"ix":2},"nm":"Path 2","mn":"ADBE Vector Shape - Group","hd":false},{"ty":"fl","c":{"a":0,"k":[0.258823543787,0.521568655968,0.956862747669,1],"ix":4},"o":{"a":0,"k":100,"ix":5},"r":1,"bm":0,"nm":"Fill 1","mn":"ADBE Vector Graphic - Fill","hd":false},{"ty":"tr","p":{"a":0,"k":[0,0],"ix":2},"a":{"a":0,"k":[0,0],"ix":1},"s":{"a":0,"k":[100,100],"ix":3},"r":{"a":0,"k":0,"ix":6},"o":{"a":0,"k":100,"ix":7},"sk":{"a":0,"k":0,"ix":4},"sa":{"a":0,"k":0,"ix":5},"nm":"Transform"}],"nm":"Group 10","np":3,"cix":2,"bm":0,"ix":10,"mn":"ADBE Vector Group","hd":false},{"ty":"gr","it":[{"ind":0,"ty":"sh","ix":1,"ks":{"a":0,"k":{"i":[[0,0],[0,0],[-8.76,0],[0,8.76],[0,0]],"o":[[0,0],[0,8.726],[8.726,0],[0,0],[0,0]],"v":[[35.856,-33.938],[35.856,-20.729],[51.713,-4.872],[67.57,-20.729],[67.57,-33.938]],"c":true},"ix":2},"nm":"Path 1","mn":"ADBE Vector Shape - Group","hd":false},{"ind":1,"ty":"sh","ix":2,"ks":{"a":0,"k":{"i":[[11.477,0],[0,11.477],[0,0],[-1.358,0],[0,0],[0,-1.358],[0,0]],"o":[[-11.477,0],[0,0],[0,-1.358],[0,0],[1.358,0],[0,0],[0.034,11.477]],"v":[[51.679,0.085],[30.865,-20.729],[30.865,-36.416],[33.343,-38.895],[70.014,-38.895],[72.493,-36.416],[72.493,-20.729]],"c":true},"ix":2},"nm":"Path 2","mn":"ADBE Vector Shape - Group","hd":false},{"ty":"fl","c":{"a":0,"k":[0.258823543787,0.521568655968,0.956862747669,1],"ix":4},"o":{"a":0,"k":100,"ix":5},"r":1,"bm":0,"nm":"Fill 1","mn":"ADBE Vector Graphic - Fill","hd":false},{"ty":"tr","p":{"a":0,"k":[0,0],"ix":2},"a":{"a":0,"k":[0,0],"ix":1},"s":{"a":0,"k":[100,100],"ix":3},"r":{"a":0,"k":0,"ix":6},"o":{"a":0,"k":100,"ix":7},"sk":{"a":0,"k":0,"ix":4},"sa":{"a":0,"k":0,"ix":5},"nm":"Transform"}],"nm":"Group 11","np":3,"cix":2,"bm":0,"ix":11,"mn":"ADBE Vector Group","hd":false},{"ty":"gr","it":[{"ind":0,"ty":"sh","ix":1,"ks":{"a":0,"k":{"i":[[0,0],[0,0],[-8.76,0],[0,8.76],[0,0]],"o":[[0,0],[0,8.726],[8.726,0],[0,0],[0,0]],"v":[[72.527,-33.938],[72.527,-20.729],[88.384,-4.872],[104.24,-20.729],[104.24,-33.938]],"c":true},"ix":2},"nm":"Path 1","mn":"ADBE Vector Shape - Group","hd":false},{"ind":1,"ty":"sh","ix":2,"ks":{"a":0,"k":{"i":[[11.511,0],[0,11.477],[0,0],[-1.358,0],[0,0],[0,-1.358],[0,0]],"o":[[-11.477,0],[0,0],[0,-1.358],[0,0],[1.358,0],[0,0],[0.034,11.477]],"v":[[88.35,0.085],[67.536,-20.729],[67.536,-36.416],[70.014,-38.895],[106.685,-38.895],[109.164,-36.416],[109.164,-20.729]],"c":true},"ix":2},"nm":"Path 2","mn":"ADBE Vector Shape - Group","hd":false},{"ty":"fl","c":{"a":0,"k":[0.258823543787,0.521568655968,0.956862747669,1],"ix":4},"o":{"a":0,"k":100,"ix":5},"r":1,"bm":0,"nm":"Fill 1","mn":"ADBE Vector Graphic - Fill","hd":false},{"ty":"tr","p":{"a":0,"k":[0,0],"ix":2},"a":{"a":0,"k":[0,0],"ix":1},"s":{"a":0,"k":[100,100],"ix":3},"r":{"a":0,"k":0,"ix":6},"o":{"a":0,"k":100,"ix":7},"sk":{"a":0,"k":0,"ix":4},"sa":{"a":0,"k":0,"ix":5},"nm":"Transform"}],"nm":"Group 12","np":3,"cix":2,"bm":0,"ix":12,"mn":"ADBE Vector Group","hd":false},{"ty":"gr","it":[{"ind":0,"ty":"sh","ix":1,"ks":{"a":0,"k":{"i":[[0,10.118],[0,0],[10.118,0],[3.328,3.294],[0,5.093],[0,0],[-3.294,-3.328],[-5.093,0]],"o":[[0,0],[0,10.152],[-5.059,0],[-3.328,-3.328],[0,0],[0,5.059],[3.328,3.328],[10.118,0]],"v":[[-39.999,-29.727],[-39.999,-20.729],[-58.3,-2.394],[-71.271,-7.759],[-76.635,-20.729],[-76.635,-29.727],[-71.271,-16.757],[-58.3,-11.392]],"c":true},"ix":2},"nm":"Path 1","mn":"ADBE Vector Shape - Group","hd":false},{"ind":1,"ty":"sh","ix":2,"ks":{"a":0,"k":{"i":[[0,10.118],[0,0],[10.152,0],[3.328,3.294],[0,5.093],[0,0],[-3.294,-3.328],[-5.093,0]],"o":[[0,0],[0,10.152],[-5.059,0],[-3.328,-3.328],[0,0],[0,5.059],[3.328,3.328],[10.152,0]],"v":[[-3.328,-29.727],[-3.328,-20.729],[-21.663,-2.394],[-34.634,-7.759],[-39.999,-20.729],[-39.999,-29.727],[-34.634,-16.757],[-21.663,-11.392]],"c":true},"ix":2},"nm":"Path 2","mn":"ADBE Vector Shape - Group","hd":false},{"ind":2,"ty":"sh","ix":3,"ks":{"a":0,"k":{"i":[[0,10.118],[0,0],[10.118,0],[3.328,3.294],[0,5.093],[0,0],[-3.294,-3.328],[-5.093,0]],"o":[[0,0],[0,10.152],[-5.059,0],[-3.328,-3.328],[0,0],[0,5.059],[3.328,3.328],[10.118,0]],"v":[[33.343,-29.727],[33.343,-20.729],[15.008,-2.394],[2.037,-7.759],[-3.328,-20.729],[-3.328,-29.727],[2.037,-16.757],[15.008,-11.392]],"c":true},"ix":2},"nm":"Path 3","mn":"ADBE Vector Shape - Group","hd":false},{"ind":3,"ty":"sh","ix":4,"ks":{"a":0,"k":{"i":[[0,10.118],[0,0],[10.118,0],[3.328,3.294],[0,5.093],[0,0],[-3.294,-3.328],[-5.093,0]],"o":[[0,0],[0,10.152],[-5.059,0],[-3.328,-3.328],[0,0],[0,5.059],[3.328,3.328],[10.085,0]],"v":[[70.048,-29.727],[70.048,-20.729],[51.713,-2.394],[38.742,-7.759],[33.377,-20.729],[33.377,-29.727],[38.742,-16.757],[51.713,-11.392]],"c":true},"ix":2},"nm":"Path 4","mn":"ADBE Vector Shape - Group","hd":false},{"ind":4,"ty":"sh","ix":5,"ks":{"a":0,"k":{"i":[[0,10.118],[0,0],[10.152,0],[3.328,3.294],[0,5.093],[0,0],[-3.294,-3.328],[-5.059,0]],"o":[[0,0],[0,10.152],[-5.025,0],[-3.328,-3.328],[0,0],[0,5.059],[3.328,3.328],[10.152,0]],"v":[[106.685,-29.727],[106.685,-20.729],[88.35,-2.394],[75.413,-7.759],[70.048,-20.729],[70.048,-29.727],[75.413,-16.757],[88.35,-11.392]],"c":true},"ix":2},"nm":"Path 5","mn":"ADBE Vector Shape - Group","hd":false},{"ty":"fl","c":{"a":0,"k":[0.984313726425,0.737254917622,0.019607843831,1],"ix":4},"o":{"a":0,"k":100,"ix":5},"r":1,"bm":0,"nm":"Fill 1","mn":"ADBE Vector Graphic - Fill","hd":false},{"ty":"tr","p":{"a":0,"k":[0,0],"ix":2},"a":{"a":0,"k":[0,0],"ix":1},"s":{"a":0,"k":[100,100],"ix":3},"r":{"a":0,"k":0,"ix":6},"o":{"a":0,"k":100,"ix":7},"sk":{"a":0,"k":0,"ix":4},"sa":{"a":0,"k":0,"ix":5},"nm":"Transform"}],"nm":"Group 13","np":6,"cix":2,"bm":0,"ix":13,"mn":"ADBE Vector Group","hd":false}],"ip":0,"op":230,"st":0,"bm":0},{"ddd":0,"ind":2,"ty":4,"nm":"1 - 2","sr":1,"ks":{"o":{"a":0,"k":100,"ix":11},"r":{"a":0,"k":0,"ix":10},"p":{"a":0,"k":[214.991,248.436,0],"ix":2},"a":{"a":0,"k":[14.991,48.436,0],"ix":1},"s":{"a":1,"k":[{"i":{"x":[0.833,0.833,0.833],"y":[0.833,0.833,0.833]},"o":{"x":[0.167,0.167,0.167],"y":[0.167,0.167,0.167]},"t":0,"s":[0,0,100]},{"i":{"x":[0.833,0.833,0.833],"y":[0.833,0.833,0.833]},"o":{"x":[0.167,0.167,0.167],"y":[0.167,0.167,0.167]},"t":20,"s":[105,105,100]},{"i":{"x":[0.833,0.833,0.833],"y":[0.833,0.833,0.833]},"o":{"x":[0.167,0.167,0.167],"y":[0.167,0.167,0.167]},"t":23,"s":[101,101,100]},{"i":{"x":[0.833,0.833,0.833],"y":[0.833,0.833,0.833]},"o":{"x":[0.167,0.167,0.167],"y":[0.167,0.167,0.167]},"t":27,"s":[103,103,100]},{"t":30,"s":[100,100,100]}],"ix":6}},"ao":0,"shapes":[{"ty":"gr","it":[{"ind":0,"ty":"sh","ix":1,"ks":{"a":0,"k":{"i":[[0,0],[0,0],[0,0],[0,0],[1.732,-0.781],[0,0],[-1.358,0],[0,0],[0,1.358],[0,0]],"o":[[0,0],[0,0],[0,0],[-1.562,1.698],[0,0],[0,1.358],[0,0],[1.358,0],[0,0],[0,0]],"v":[[92.39,-4.737],[92.39,96.652],[-62.375,96.652],[-62.375,94.241],[-67.366,97.976],[-67.366,99.13],[-64.887,101.609],[94.869,101.609],[97.348,99.13],[97.348,-4.737]],"c":true},"ix":2},"nm":"Path 1","mn":"ADBE Vector Shape - Group","hd":false},{"ind":1,"ty":"sh","ix":2,"ks":{"a":0,"k":{"i":[[0,0],[0,0],[0,0],[-1.63,-0.509]],"o":[[0,0],[0,0],[1.664,0.068],[0,0]],"v":[[-62.375,-4.737],[-67.366,-4.737],[-67.366,11.595],[-62.375,12.478]],"c":true},"ix":2},"nm":"Path 2","mn":"ADBE Vector Shape - Group","hd":false},{"ty":"fl","c":{"a":0,"k":[0.258823543787,0.521568655968,0.956862747669,1],"ix":4},"o":{"a":0,"k":100,"ix":5},"r":1,"bm":0,"nm":"Fill 1","mn":"ADBE Vector Graphic - Fill","hd":false},{"ty":"tr","p":{"a":0,"k":[0,0],"ix":2},"a":{"a":0,"k":[0,0],"ix":1},"s":{"a":0,"k":[100,100],"ix":3},"r":{"a":0,"k":0,"ix":6},"o":{"a":0,"k":100,"ix":7},"sk":{"a":0,"k":0,"ix":4},"sa":{"a":0,"k":0,"ix":5},"nm":"Transform"}],"nm":"Group 1","np":3,"cix":2,"bm":0,"ix":1,"mn":"ADBE Vector Group","hd":false}],"ip":0,"op":230,"st":0,"bm":0},{"ddd":0,"ind":3,"ty":4,"nm":"1 - 3","sr":1,"ks":{"o":{"a":0,"k":100,"ix":11},"r":{"a":0,"k":0,"ix":10},"p":{"a":0,"k":[133.347,241.934,0],"ix":2},"a":{"a":0,"k":[-66.653,41.934,0],"ix":1},"s":{"a":1,"k":[{"i":{"x":[0.833,0.833,0.833],"y":[0.833,0.833,0.833]},"o":{"x":[0.167,0.167,0.167],"y":[0.167,0.167,0.167]},"t":0,"s":[0,0,100]},{"i":{"x":[0.833,0.833,0.833],"y":[0.833,0.833,0.833]},"o":{"x":[0.167,0.167,0.167],"y":[0.167,0.167,0.167]},"t":20,"s":[105,105,100]},{"i":{"x":[0.833,0.833,0.833],"y":[0.833,0.833,0.833]},"o":{"x":[0.167,0.167,0.167],"y":[0.167,0.167,0.167]},"t":23,"s":[101,101,100]},{"i":{"x":[0.833,0.833,0.833],"y":[0.833,0.833,0.833]},"o":{"x":[0.167,0.167,0.167],"y":[0.167,0.167,0.167]},"t":27,"s":[103,103,100]},{"t":30,"s":[100,100,100]}],"ix":6}},"ao":0,"shapes":[{"ty":"gr","it":[{"ind":0,"ty":"sh","ix":1,"ks":{"a":0,"k":{"i":[[0,-8.726],[8.624,0],[0,8.658],[-8.624,0]],"o":[[0,8.658],[-8.658,0],[0,-8.692],[8.658,0]],"v":[[-50.966,41.951],[-66.653,57.604],[-82.34,41.951],[-66.653,26.264]],"c":true},"ix":2},"nm":"Path 1","mn":"ADBE Vector Shape - Group","hd":false},{"ty":"fl","c":{"a":0,"k":[0.917647063732,0.262745112181,0.207843139768,1],"ix":4},"o":{"a":0,"k":100,"ix":5},"r":1,"bm":0,"nm":"Fill 1","mn":"ADBE Vector Graphic - Fill","hd":false},{"ty":"tr","p":{"a":0,"k":[0,0],"ix":2},"a":{"a":0,"k":[0,0],"ix":1},"s":{"a":0,"k":[100,100],"ix":3},"r":{"a":0,"k":0,"ix":6},"o":{"a":0,"k":100,"ix":7},"sk":{"a":0,"k":0,"ix":4},"sa":{"a":0,"k":0,"ix":5},"nm":"Transform"}],"nm":"Group 1","np":2,"cix":2,"bm":0,"ix":1,"mn":"ADBE Vector Group","hd":false}],"ip":0,"op":230,"st":0,"bm":0},{"ddd":0,"ind":4,"ty":4,"nm":"1 - 4","sr":1,"ks":{"o":{"a":0,"k":100,"ix":11},"r":{"a":0,"k":0,"ix":10},"p":{"a":0,"k":[132.413,255.278,0],"ix":2},"a":{"a":0,"k":[-67.587,55.278,0],"ix":1},"s":{"a":1,"k":[{"i":{"x":[0.833,0.833,0.833],"y":[0.833,0.833,0.833]},"o":{"x":[0.167,0.167,0.167],"y":[0.167,0.167,0.167]},"t":0,"s":[0,0,100]},{"i":{"x":[0.833,0.833,0.833],"y":[0.833,0.833,0.833]},"o":{"x":[0.167,0.167,0.167],"y":[0.167,0.167,0.167]},"t":20,"s":[105,105,100]},{"i":{"x":[0.833,0.833,0.833],"y":[0.833,0.833,0.833]},"o":{"x":[0.167,0.167,0.167],"y":[0.167,0.167,0.167]},"t":23,"s":[101,101,100]},{"i":{"x":[0.833,0.833,0.833],"y":[0.833,0.833,0.833]},"o":{"x":[0.167,0.167,0.167],"y":[0.167,0.167,0.167]},"t":27,"s":[103,103,100]},{"t":30,"s":[100,100,100]}],"ix":6}},"ao":0,"shapes":[{"ty":"gr","it":[{"ind":0,"ty":"sh","ix":1,"ks":{"a":0,"k":{"i":[[16.332,0],[0,-16.332],[-6.791,-8.353],[0,14.193]],"o":[[-16.298,0],[0,14.227],[6.825,-8.353],[0.034,-16.298]],"v":[[-67.604,13.938],[-97.178,43.547],[-67.604,95.192],[-37.995,43.547]],"c":true},"ix":2},"nm":"Path 1","mn":"ADBE Vector Shape - Group","hd":false},{"ind":1,"ty":"sh","ix":2,"ks":{"a":0,"k":{"i":[[0.747,0],[0,0],[0.475,0.577],[0,18.437],[-19.049,0],[0,-19.082],[1.324,-1.562]],"o":[[0,0],[-0.747,0],[-1.324,-1.562],[0,-19.082],[19.082,0],[0,18.437],[-0.475,0.577]],"v":[[-67.604,101.609],[-67.604,101.609],[-69.505,100.726],[-102.169,43.547],[-67.604,8.947],[-33.004,43.547],[-65.702,100.726]],"c":true},"ix":2},"nm":"Path 2","mn":"ADBE Vector Shape - Group","hd":false},{"ty":"fl","c":{"a":0,"k":[0.258823543787,0.521568655968,0.956862747669,1],"ix":4},"o":{"a":0,"k":100,"ix":5},"r":1,"bm":0,"nm":"Fill 1","mn":"ADBE Vector Graphic - Fill","hd":false},{"ty":"tr","p":{"a":0,"k":[0,0],"ix":2},"a":{"a":0,"k":[0,0],"ix":1},"s":{"a":0,"k":[100,100],"ix":3},"r":{"a":0,"k":0,"ix":6},"o":{"a":0,"k":100,"ix":7},"sk":{"a":0,"k":0,"ix":4},"sa":{"a":0,"k":0,"ix":5},"nm":"Transform"}],"nm":"Group 1","np":3,"cix":2,"bm":0,"ix":1,"mn":"ADBE Vector Group","hd":false}],"ip":0,"op":230,"st":0,"bm":0},{"ddd":0,"ind":5,"ty":4,"nm":"1 - 5","sr":1,"ks":{"o":{"a":0,"k":100,"ix":11},"r":{"a":0,"k":0,"ix":10},"p":{"a":0,"k":[199.423,242.969,0],"ix":2},"a":{"a":0,"k":[-0.577,42.969,0],"ix":1},"s":{"a":1,"k":[{"i":{"x":[0.833,0.833,0.833],"y":[0.833,0.833,0.833]},"o":{"x":[0.167,0.167,0.167],"y":[0.167,0.167,0.167]},"t":0,"s":[0,0,100]},{"i":{"x":[0.833,0.833,0.833],"y":[0.833,0.833,0.833]},"o":{"x":[0.167,0.167,0.167],"y":[0.167,0.167,0.167]},"t":20,"s":[105,105,100]},{"i":{"x":[0.833,0.833,0.833],"y":[0.833,0.833,0.833]},"o":{"x":[0.167,0.167,0.167],"y":[0.167,0.167,0.167]},"t":23,"s":[101,101,100]},{"i":{"x":[0.833,0.833,0.833],"y":[0.833,0.833,0.833]},"o":{"x":[0.167,0.167,0.167],"y":[0.167,0.167,0.167]},"t":27,"s":[103,103,100]},{"t":30,"s":[100,100,100]}],"ix":6}},"ao":0,"shapes":[{"ty":"gr","it":[{"ind":0,"ty":"sh","ix":1,"ks":{"a":0,"k":{"i":[[0,0],[0,0],[0,0],[0,0],[0,-1.324]],"o":[[0,0],[0,0],[0,0],[1.324,-0.034],[0,0]],"v":[[19.796,40.762],[1.935,40.762],[1.935,28.776],[17.385,28.776],[19.796,31.187]],"c":true},"ix":2},"nm":"Path 1","mn":"ADBE Vector Shape - Group","hd":false},{"ind":1,"ty":"sh","ix":2,"ks":{"a":0,"k":{"i":[[0,0],[1.358,0],[0,0],[0,0],[0,0]],"o":[[0.034,1.358],[0,0],[0,0],[0,0],[0,0]],"v":[[19.762,54.752],[17.351,57.197],[1.901,57.197],[1.901,45.72],[19.762,45.72]],"c":true},"ix":2},"nm":"Path 2","mn":"ADBE Vector Shape - Group","hd":false},{"ind":2,"ty":"sh","ix":3,"ks":{"a":0,"k":{"i":[[0,0],[0,0],[0,0],[-1.324,0],[0,0]],"o":[[0,0],[0,0],[0,-1.29],[0,0],[0,0]],"v":[[-3.056,40.729],[-20.916,40.729],[-20.916,31.153],[-18.505,28.743],[-3.056,28.743]],"c":true},"ix":2},"nm":"Path 3","mn":"ADBE Vector Shape - Group","hd":false},{"ind":3,"ty":"sh","ix":4,"ks":{"a":0,"k":{"i":[[0,0],[0,0],[0,1.358],[0,0],[0,0]],"o":[[0,0],[-1.324,0],[0,0],[0,0],[0,0]],"v":[[-3.056,57.197],[-18.505,57.197],[-20.916,54.752],[-20.916,45.72],[-3.056,45.72]],"c":true},"ix":2},"nm":"Path 4","mn":"ADBE Vector Shape - Group","hd":false},{"ind":4,"ty":"sh","ix":5,"ks":{"a":0,"k":{"i":[[4.109,0],[0,0],[0,-4.074],[0,0],[-4.075,0],[0,0],[0,4.074],[0,0]],"o":[[0,0],[-4.075,0],[0,0],[0,4.074],[0,0],[4.075,0],[0,0],[0.034,-4.074]],"v":[[17.351,23.785],[-18.505,23.785],[-25.907,31.187],[-25.907,54.752],[-18.505,62.154],[17.351,62.154],[24.753,54.752],[24.753,31.187]],"c":true},"ix":2},"nm":"Path 5","mn":"ADBE Vector Shape - Group","hd":false},{"ty":"fl","c":{"a":0,"k":[0.984313726425,0.737254917622,0.019607843831,1],"ix":4},"o":{"a":0,"k":100,"ix":5},"r":1,"bm":0,"nm":"Fill 1","mn":"ADBE Vector Graphic - Fill","hd":false},{"ty":"tr","p":{"a":0,"k":[0,0],"ix":2},"a":{"a":0,"k":[0,0],"ix":1},"s":{"a":0,"k":[100,100],"ix":3},"r":{"a":0,"k":0,"ix":6},"o":{"a":0,"k":100,"ix":7},"sk":{"a":0,"k":0,"ix":4},"sa":{"a":0,"k":0,"ix":5},"nm":"Transform"}],"nm":"Group 1","np":6,"cix":2,"bm":0,"ix":1,"mn":"ADBE Vector Group","hd":false}],"ip":0,"op":230,"st":0,"bm":0},{"ddd":0,"ind":6,"ty":4,"nm":"1 - 6","sr":1,"ks":{"o":{"a":0,"k":100,"ix":11},"r":{"a":0,"k":0,"ix":10},"p":{"a":0,"k":[259.811,262.714,0],"ix":2},"a":{"a":0,"k":[59.811,62.714,0],"ix":1},"s":{"a":1,"k":[{"i":{"x":[0.833,0.833,0.833],"y":[0.833,0.833,0.833]},"o":{"x":[0.167,0.167,0.167],"y":[0.167,0.167,0.167]},"t":0,"s":[0,0,100]},{"i":{"x":[0.833,0.833,0.833],"y":[0.833,0.833,0.833]},"o":{"x":[0.167,0.167,0.167],"y":[0.167,0.167,0.167]},"t":20,"s":[105,105,100]},{"i":{"x":[0.833,0.833,0.833],"y":[0.833,0.833,0.833]},"o":{"x":[0.167,0.167,0.167],"y":[0.167,0.167,0.167]},"t":23,"s":[101,101,100]},{"i":{"x":[0.833,0.833,0.833],"y":[0.833,0.833,0.833]},"o":{"x":[0.167,0.167,0.167],"y":[0.167,0.167,0.167]},"t":27,"s":[103,103,100]},{"t":30,"s":[100,100,100]}],"ix":6}},"ao":0,"shapes":[{"ty":"gr","it":[{"ind":0,"ty":"sh","ix":1,"ks":{"a":0,"k":{"i":[[1.732,0],[0,0],[0,0],[-0.034,-1.732],[0,0],[0,0],[0,0],[0,0]],"o":[[0,0],[0,0],[-1.732,0],[0,0],[0,0],[0,0],[0,0],[0,-1.732]],"v":[[78.333,28.675],[78.333,28.675],[41.051,28.81],[37.927,31.968],[38.131,96.686],[81.695,96.55],[81.491,31.832],[81.491,31.832]],"c":true},"ix":2},"nm":"Path 1","mn":"ADBE Vector Shape - Group","hd":false},{"ind":1,"ty":"sh","ix":2,"ks":{"a":0,"k":{"i":[[0,0],[0.475,0.441],[0,0.679],[0,0],[-4.482,0],[0,0],[0,0],[0,-4.482],[0,0],[0,0],[1.358,-0.034],[0,0]],"o":[[-0.645,0],[-0.475,-0.475],[0,0],[0,-4.482],[0,0],[0,0],[4.482,0],[0,0],[0,0],[0,1.392],[0,0],[0,0]],"v":[[35.652,101.711],[33.887,100.998],[33.14,99.232],[32.936,32.002],[41.051,23.853],[78.333,23.717],[78.367,23.717],[86.482,31.832],[86.482,31.832],[86.686,99.062],[84.207,101.575],[35.652,101.711]],"c":true},"ix":2},"nm":"Path 2","mn":"ADBE Vector Shape - Group","hd":false},{"ty":"fl","c":{"a":0,"k":[0.258823543787,0.521568655968,0.956862747669,1],"ix":4},"o":{"a":0,"k":100,"ix":5},"r":1,"bm":0,"nm":"Fill 1","mn":"ADBE Vector Graphic - Fill","hd":false},{"ty":"tr","p":{"a":0,"k":[0,0],"ix":2},"a":{"a":0,"k":[0,0],"ix":1},"s":{"a":0,"k":[100,100],"ix":3},"r":{"a":0,"k":0,"ix":6},"o":{"a":0,"k":100,"ix":7},"sk":{"a":0,"k":0,"ix":4},"sa":{"a":0,"k":0,"ix":5},"nm":"Transform"}],"nm":"Group 1","np":3,"cix":2,"bm":0,"ix":1,"mn":"ADBE Vector Group","hd":false},{"ty":"gr","it":[{"ind":0,"ty":"sh","ix":1,"ks":{"a":0,"k":{"i":[[0,-3.09],[0,0],[0,0],[-0.034,-3.124],[0,0],[0,0],[0,0],[-3.09,0],[0,0]],"o":[[0,0],[0,0],[-3.124,0.034],[0,0],[0,0],[0,0],[0,-3.124],[0,0],[3.124,0]],"v":[[83.97,31.798],[83.97,33.191],[48.589,33.292],[42.986,38.963],[43.156,99.164],[35.652,99.198],[35.415,31.968],[41.017,26.332],[78.299,26.196]],"c":true},"ix":2},"nm":"Path 1","mn":"ADBE Vector Shape - Group","hd":false},{"ty":"fl","c":{"a":0,"k":[0.258823543787,0.521568655968,0.956862747669,1],"ix":4},"o":{"a":0,"k":100,"ix":5},"r":1,"bm":0,"nm":"Fill 1","mn":"ADBE Vector Graphic - Fill","hd":false},{"ty":"tr","p":{"a":0,"k":[0,0],"ix":2},"a":{"a":0,"k":[0,0],"ix":1},"s":{"a":0,"k":[100,100],"ix":3},"r":{"a":0,"k":0,"ix":6},"o":{"a":0,"k":100,"ix":7},"sk":{"a":0,"k":0,"ix":4},"sa":{"a":0,"k":0,"ix":5},"nm":"Transform"}],"nm":"Group 2","np":2,"cix":2,"bm":0,"ix":2,"mn":"ADBE Vector Group","hd":false}],"ip":0,"op":230,"st":0,"bm":0},{"ddd":0,"ind":7,"ty":4,"nm":"1 - 7","sr":1,"ks":{"o":{"a":0,"k":100,"ix":11},"r":{"a":0,"k":0,"ix":10},"p":{"a":0,"k":[199.44,299.13,0],"ix":2},"a":{"a":0,"k":[-0.56,99.13,0],"ix":1},"s":{"a":1,"k":[{"i":{"x":[0.833,0.833,0.833],"y":[0.833,0.833,0.833]},"o":{"x":[0.167,0.167,0.167],"y":[0.167,0.167,0.167]},"t":0,"s":[0,0,100]},{"i":{"x":[0.833,0.833,0.833],"y":[0.833,0.833,0.833]},"o":{"x":[0.167,0.167,0.167],"y":[0.167,0.167,0.167]},"t":20,"s":[105,105,100]},{"i":{"x":[0.833,0.833,0.833],"y":[0.833,0.833,0.833]},"o":{"x":[0.167,0.167,0.167],"y":[0.167,0.167,0.167]},"t":23,"s":[101,101,100]},{"i":{"x":[0.833,0.833,0.833],"y":[0.833,0.833,0.833]},"o":{"x":[0.167,0.167,0.167],"y":[0.167,0.167,0.167]},"t":27,"s":[103,103,100]},{"t":30,"s":[100,100,100]}],"ix":6}},"ao":0,"shapes":[{"ty":"gr","it":[{"ind":0,"ty":"sh","ix":1,"ks":{"a":0,"k":{"i":[[1.392,0],[0,0],[0,1.358],[-1.358,0],[0,0],[0,-1.358]],"o":[[0,0],[-1.358,0],[0,-1.358],[0,0],[1.358,0],[0,1.358]],"v":[[105.565,101.609],[-106.685,101.609],[-109.164,99.13],[-106.685,96.652],[105.565,96.652],[108.043,99.13]],"c":true},"ix":2},"nm":"Path 1","mn":"ADBE Vector Shape - Group","hd":false},{"ty":"fl","c":{"a":0,"k":[0.258823543787,0.521568655968,0.956862747669,1],"ix":4},"o":{"a":0,"k":100,"ix":5},"r":1,"bm":0,"nm":"Fill 1","mn":"ADBE Vector Graphic - Fill","hd":false},{"ty":"tr","p":{"a":0,"k":[0,0],"ix":2},"a":{"a":0,"k":[0,0],"ix":1},"s":{"a":0,"k":[100,100],"ix":3},"r":{"a":0,"k":0,"ix":6},"o":{"a":0,"k":100,"ix":7},"sk":{"a":0,"k":0,"ix":4},"sa":{"a":0,"k":0,"ix":5},"nm":"Transform"}],"nm":"Group 1","np":2,"cix":2,"bm":0,"ix":1,"mn":"ADBE Vector Group","hd":false}],"ip":0,"op":230,"st":0,"bm":0}],"markers":[]}